,name,comment,rating
0,Johannes Steigerwald,"Ich kann die vielen positiven Bewertungen nur nochmal meinerseits bestätigen. Kompetente Beratung, völlig unbürokratische Hilfe bei einem kleinen Problem, das bei meiner Bestellung auftrat und nicht Altherr zuzurechnen ist, extrem freundliche und prompte Kommunikation und eine Menge interessanter Infos zu meiner neuen Uhr. Ich bin rundum begeistert und kann Altherr nur weiterempfehlen!",5 Sterne
1,Leopold Kaiser,"Hatten heute einige alte Armbanduhren zur schnellen Expertise. Der Experte nahm sich sofort Zeit für uns und hat uns in ein paar Minuten die Uhren bewertet. Er war ausgesprochen nett, kenntnisreich und sehr freundlich. Ein toller Service, der uns sehr weitergeholfen hat. Top Service, den man empfehlen kann!",5 Sterne
2,Marcel G,"Besser geht es nicht!!!
Ich habe die Inzahlungnahme genutzt und eine neue IWC Big Pilot 43 gekauft. Erst hatte ich mich für eine andere Uhr entschieden aber der Sebastian war hier sehr flexibel und ist super auf meine Wünsche eingegangen. Hier hat einfach alles perfekt gepasst! Besonders zu erwähnen ist  der super Kontakt und die perfekte Beratung vom Sebastian. Ich kaufe hier garantiert wieder!",5 Sterne
3,Sascha Henke,"Vielen Dank für die kompetente und ehrliche Beratung. Ein tolles Team, wir haben uns rundum wohlgefühlt und haben zum Schluss die Filiale mit einer neuen Longines und einem Lächeln im Gesicht verlassen. Bis zum nächsten Mal.",5 Sterne
4,Sina Funke,"Mit ALTHERR Geschäfte zu machen ist sehr schön. Herr Staps ist sehr kompetent. Die Union Glashütte Mondphase macht ein Kribbeln im Bauch. Gerne wieder, das mit Sicherheit.",5 Sterne
5,Bastian Gruschka,"Tolle Uhr, fairer Preis sowie einwandfreie und schnelle Lieferung. Aber eine Uhr ist auch eine besondere Anschaffung, die gute Beratung und großes Vertrauen bedarf - ich habe mich bei Altherr sehr gut aufgehoben gefühlt!",5 Sterne
6,Andreas,"So sieht ein perfekter Service aus!
Der Kontakt lief nur über Telefon oder Email, da ich in einer anderen Stadt wohne und es hat alles reibungslos funktioniert.
Auf meine Fragen und Anliegen wurde zeitnah reagiert und ich fühlte mich zu jeder Zeit gut aufgehoben, ohne mich bedrängt zu fühlen.
Auch die Freundlichkeit der Mitarbeiterin würde ich als überdurchschnittlich beschreiben, als würde man sich schon seit Jahren persönlich kennen.
Also alles in allem einfach Top!
Vielen Dank Frau Tsai!",5 Sterne
7,Judith Lindemann,"Ich habe meine defekte Cartier Tank Louis von 1988 zur Restauration bei Juwelier Altherr abgegeben und bin absolut begeistert vom gesamten Ablauf und der Kommunikation!

Zunächst wurde meine Uhr bei Cartier zur Reparatur eingeschickt. Der Kostenvoranschlag von Cartier wurde mir schnell mitgeteilt. Die gesamte Reparatur dauerte ca. 3 Monate und das Ergebnis ist absolut perfekt. Die Reparatur war mit ca. 1.000 € auch billiger als erwartet

Das Team von Altherr war zudem so lieb und hat mir das Uhrenband ebenfalls noch gewechselt.

Ich kann Juwelier Altherr jedem weiterempfehlen, der einen Cartier Service-Fall hat.",5 Sterne
8,uwe weiss,"Ich habe eine Nomos Tangente 38 Ariel bei Juwelier ALTHERR bestellt und gekauft.
Ich wurde durch Frau Lih Tsai sehr gut beraten und hat sie mir geholfen diese Uhr zu bestellen.Der Service ist einfach sehr gut und die Firma ALTHERR sehr zu empfehlen.
Komme sehr gerne wieder auf Sie zurück
Mit freundlichen Grüßen nach Berlin
Uwe aus Leipzig",5 Sterne
9,Marvin Kröll,Bin begeistert. Sehr freundliche und kompetente Mitarbeiter. Hier habe ich gerne meine erste Uhr gekauft!,5 Sterne
10,Tee Jay,"Der Laden ist sehr zu empfehlen! Man bekommt dort nicht nur sehr schöne Uhren, sondern auch eine ganz umfangreiche Beratung und einen außerordentlich zuvorkommenden Service. 👌Ich freue mich schon auf den nächsten Einkauf. …",5 Sterne
11,Dima S,"Meine Erfahrung mit Altherr war sehr positiv. Auf der Suche nach der richtigen Uhr als Geschenk bin ich auf den Onlineshop aufmerksam geworden und habe dort die Vorauswahl getroffen. Im Anschluss habe ich mich bei der Online-Beratung gemeldet, welche durch Frau Tsai professionell und zielführend übernommen wurde. Dabei wurden auch meine Sonderwünsche berücksichtigt und der gesamte Ablauf verlief reibungslos. Ich bedanke mich bei Frau Tsai und ihren Kollegen für den Service und kann Altherr überzeugt jedem weiterempfehlen, wer seine Uhrenkollektion erweitern möchte.",5 Sterne
12,J J,"Tolle Angebote und ausgezeichneter Service.
Ich habe meine Baume & Mercier Clifton 10468 online bei Altherr gekauft und bin sowohl von den attraktiven Angeboten als auch dem exzellenten Service begeistert. Sehr professionelle und schnelle Abwicklung meiner Bestellung und alles wie versprochen. Jederzeit gerne wieder!",5 Sterne
13,Katrin Lang,Ich kann dieses Geschäft uneingeschränkt empfehlen. Wir wurden hier sehr gut und kompetent beraten. Das Kauferlebnis hat wirklich gepasst. Zusätzlich haben wir noch ein paar Tipps für unseren Kurztrip in Berlin erhalten. So macht Einkaufen Spaß.,5 Sterne
14,Mario Schön,Ich habe bei ALTHERR online eine Uhr der Marke Longines gekauft. Der Kundenservice war exzellent und persönlich auf mich als Kunde zugeschnitten. Man konnte mir schnell jede Frage bezüglich der Bestellung beantworten.,5 Sterne
15,Andy,"Falls möglich, würde ich auch mehr Sterne geben. Hat wirklich alles reibungslos geklappt, von meiner Anfrage bis zum gelieferten Artikel, hat alles bestens funktioniert und die Kommunikation sucht seinesgleichen. Sogar am Sonntag habe ich eine Antwort zu meinem Anliegen bekommen. Kann ich gut und gerne weiterempfehlen!
Vielen Dank, ein zufriedener Kunde 👍🏼",5 Sterne
16,Thomas Streicher,"Rundum ein perfektes Einkaufserlebnis. Ich bin mit einer Idee zu Juwelier Altherr gekommen und dank der sehr professionellen Hilfe von Frau Tsai mit einer super schönen personalisierten Uhr - ein Geschenk für meine Frau - von Nomos wieder heraus gekommen.
Es hat einfach alles gepasst, wir sind sehr sehr glücklich mit der Uhr und kommen sicherlich wieder zurück.",5 Sterne
17,Tyler Horn,"Ich habe bei Altherr meine erste Luxusuhr gekauft und war begeistert von dem Einkaufserlebnis. Vom Café zur Begrüßung bis hin zum Kauf habe ich mich super willkommen und klasse beraten gefühlt. Nie hatte ich das Gefühl unter Druck zu stehen einen Kauf tätigen zu müssen. Es wurde stattdessen großen Wert darauf gelegt eine, für mich, passende Uhr zu finden. Auch nach dem Kauf konnte ich mich stets an einen Mitarbeiter über WhatsApp wenden wenn ich Fragen hatte, was ich persönlich echt klasse finde.

Insgesamt kann ich Altherr wirklich jedem weiterempfehlen, gerade auch denjenigen die vor ihrem ersten Kauf einer Luxusuhr stehen. Die Beratung, die Auswahl sowie die Atmosphäre insgesamt im Laden haben mich begeistert und ich komme jederzeit sehr gerne wieder.",5 Sterne
18,Jonas Baumann,"Ich habe im Juni 2024 eine Santos Cartier bei ALTHERR gekauft und bin absolut begeistert von meiner Kauferfahrung! Von Anfang an war der Kontakt mit dem Team äußerst freundlich und angenehm. Das ALTHERR Team ist auf meine Wünsche sehr genau eingegangen und hat mich umfassend und transparent über Preise informiert.

Der gesamte Prozess, vom ersten Kontakt bis hin zur Lieferung, war äußerst kundenfreundlich. Besonders hilfreich fand ich die Kommunikation über WhatsApp und Telefon – alle meine Fragen wurden schnell und kompetent beantwortet.

Ich kann ALTHERR jedem empfehlen, der auf der Suche nach einer hochwertigen Uhr und einem herausragenden Kundenservice ist. Vielen Dank an das gesamte Team für diese tolle Erfahrung!",5 Sterne
19,Andreas Oertel,Dieses Geschäft empfängt seine Kundschaft herzlich! Toller Service! Engagement der Verkäuferin Frau Tsai tadellos! Kompetente Beratung! Ich bin begeistert! Lieferung und Qualität der Uhr 1A! Ich kann diesen Uhren/Schmuck-Store voll empfehlen! Danke,5 Sterne
20,Andreas Plhak,"Moin, über CPO eine Uhr online bestellt.
Was soll ich sagen? - Von A-Z alles hervorragend gelaufen. Toller Internetauftritt mit ausreichender Beschreibung. 1-2 Bilder mehr wären wünschenswert gewesen. Die Uhr entspricht 1:1 der Beschreibung und hat meine Erwartungshaltung übertroffen. Der Informationsaustausch zur Kaufabwicklung via WhatsApp hat super geklappt. Die Uhr konnte super leicht bezahlt werden und war umgehend bei mir Zuhause.
Sogar eine persönliche handgeschriebene Nachricht war hinterlegt. - einfach super!
Eines meiner besten Kauferlebnisse bisher. Macht weiter so und vielen Dank für die schöne Uhr.
Viele Grüße aus Hamburg
Andreas Plhak",5 Sterne
21,Andreas Korek,"Ich kann den Juwelier Altherr uneingeschränkt empfehlen.

Meine Anfrage erfolgte per E-Mail und ich wurde binnen kürzester Zeit von Frau Tsai zurück gerufen.
Nach einem sehr freundlichen Telefonat, waren wir uns über das gewünschte Produkt und den Preis einig.

Die Lieferung erfolgte umgehend und war bereits am Folgetag einmal quer durch die Republik versendet mit einer persönlich geschriebenen Dankeskarte, welche mich sehr gefreut hat und einem zusätzlichen Präsent.

Absolut professionell und uneingeschränkt zu empfehlen.

Einzig war ich über den Paketboten verwundert, welcher ohne einen Ausweis sehen zu wollen oder gar eine Unterschrift zu verlangen das Paket überreicht hat. Dies fällt natürlich nicht ins Gewicht da der Dienstleister nicht der Juwelier Altherr war, könnte aber unter Umständen zu unnötigen Komplikationen führen, sollte Ware verloren gehen.

Ich danke für die Betreuung und sollte ich es in die Hauptstatt schaffen, komme ich sehr gerne persönlich vorbei.",5 Sterne
22,C M,"Die Beratung und der schlussendliche Erwerb meiner neuen Uhr wurden zu einem besonderen Erlebnis. Damit differenziert sich Altherr von einigen Marktbegleitern. Die Beratung ist auf Augenhöhe und der Kundenwunsch steht stets im Vordergrund. Die Atmosphäre im Geschäft und im Gespräch ist modern, ungezwungen und professionell. Danke an das gesamte Team und speziell an Herrn Weerts für ihr Engagement. VG",5 Sterne
23,Patrick Schmidt,"Der Kauf meiner Omega Moonwatch bei Juwelier ALTHERR war ein erstklassiges Erlebnis. Herr Hillebrand nahm sich viel Zeit, um meine Fragen ausführlich und kompetent zu beantworten. Besonders praktisch war, dass ich auch per WhatsApp Fragen stellen konnte und immer schnell eine Antwort erhielt, wodurch ich mich bestens betreut fühlte. Alles in allem war der Service bei ALTHERR durchweg herausragend. Vielen Dank!",5 Sterne
24,Lucas Schröder,"Meine Erfahrung bei Juwelier Altherr war ausgezeichnet. Von Anfang an wurde ich freundlich und kompetent betreut, insbesondere bei der Auswahl meiner neuen Uhr. Das Personal war äußerst hilfsbereit und geduldig.Ich bin sehr zufrieden mit meinem Kauf und kann Juwelier Altherr uneingeschränkt empfehlen. Betreut wurde ich von Herr Staps, der sehr kompetent ist.",5 Sterne
25,Michael S.,"Auf einen super Juwelier im Herzen von Berlin gestoßen: Die Beratung fand vorab am Telefon statt, weil das mein Wunsch war. Diese war schon telefonisch sehr professionell und mehr als höflich. Meine Fragen wurden kompetent beantwortet und auf meine Wünsche wurde stets eingegangen. Ja, meine Entscheidung hat etwas gedauert und zog sich über einige Wochen. Während der Zeit stand mir Herr Dr. Hillebrand (Sebastian 😊) mit Rat und Tat zur Seite. Auch der Kontakt über Whatsapp verlief problemlos und war genau ""mein Weg"". Während der gesamten Beratung habe ich mich nicht ein Mal unter Druck gesetzt gefühlt. Alles war sehr entspannt. Bis zu meiner Kaufentscheidung habe ich die Verkaufsräume zwei Mal besichtigt und einige Modelle anprobiert. Auch eine Bestellung eines bestimmtes Modells zu einem separaten Termin war möglich und ohne Probleme realisierbar. Das gesamte Team machte auf mich einen sehr freundlichen Eindruck. Ich habe mich zu jeder Zeit wohlgefühlt und möchte diese Eindrücke gern teilen. Eins steht fest: Das hat mit Wempe nichts zu tun, bei denen ich mich auch einmal habe beraten lassen. Das Flair und der Wohlfühlfaktor ist um Welten besser beim Juwelier Altherr in der Oranienburger Straße. Bedanken möchte ich mich ausdrücklich bei dir Sebastian. Danke für die Unterstützung und Beratung. Die BM ist der ""Hammer"". Auch die nächste Uhr (das wäre dann Nr. 3) werde ich bei euch kaufen! Tudor, Cartier, Omega, Panerai? Mal schauen... Jetzt trage ich erstmal die neue Baume&Mercier. 💎💪🏻 Viele Grüße, Micha 🙋🏻‍♂️",5 Sterne
26,Karolina Sommerfeld,Sehr nettes Team und total gemütliche Atmosphäre! Habe mich direkt willkommen gefühlt und wurde sehr lieb und kompetent hinsichtlich der perfekten Größe für meinen Verlobungsring beraten :),5 Sterne
27,Jürgen Reuter,"Kontakt über Telefon, Beratung, Kauf und schneller Versand waren einfach Klasse.
Alles war so wie besprochen, kann Altherr nur empfehlen!
War bestimmt nicht mein letzter Kauf.....",5 Sterne
28,Marcel Thau,"Der gesamte Kauf war ein fantastisches Erlebnis. Die Beratung von Herrn Weerts war sehr kompetent, aber nicht unangenehm überladen. Zu keinem Zeitpunkt hatte ich das Gefühl zum Kauf gedrängt zu werden, wodurch ich es umso lieber tat.
Die Atmosphäre ist stilvoll, aber wunderbar unprätensiös. Das Produkt steht im Mittelpunkt, aufgesetztes Luxusgebahren gibt es nicht. Ich bin wirklich begeistert.",5 Sterne
29,ptx7,wunderbare Beratung von der Frau Tsai. Verlobungsring und Eheringe bei Altherr bestellt und alles lief reibungslos. Schnelle und effiziente Abwicklung. Immer wieder gerne wieder.,5 Sterne
30,Mirko Bens,"Ich bin sehr positiv beeindruckt von dem exzellenten  Kundenservice. Besonderen Dank geht an Thomas aus dem Team ""Berlin"" für die professionelle Beratung am Telefon! Sehr sympathische, schnelle und kundenorientierte Kommunikation. Blitzschneller Versand durch Altherr Berlin.
So geht ""Kundenfokus""!",5 Sterne
31,Dumdidum,"Ich hatte ein ganz bestimmtes Modell (Grand Seiko White Birch) im Auge und buchte zunächst einen Beratungstermin online, was reibungslos funktionierte. Am heutigen Tage wurde ich freundlich empfangen, bekam einen leckeren Kaffee und dann konnte die Beratung losgehen. Man nahm sich Zeit und man zeigte mir auf Nachfrage auch andere Modelle. Dabei kam man ins Plauschen und die Beratung verlief kundig zu den einzelnen Modellen. Man wies auch darauf hin, dass ich mir ruhig Zeit lassen sollte. Ggf. auch nochmal darüber schlafen. Letztlich entschied ich mich für ein Modell. Anschließend wurde noch das Armband angepasst und nach Zahlung verließ ich den Laden zufrieden und glücklich. Erwähnenswert wäre noch, dass meine Bankkarte aus unbekanntem Grund nicht funktionierte. Alternativ war es dann über einen Workaround möglich, so dass ich per Paypal zahlen konnte.

Update vom 28.10.2022:
Nachdem ich bei einer Veranstaltung von Altherr auf eine Panerai 992 aufmerksam geworden bin, vereinbarte ich für den nächsten Tag umgehend einen losen Beratungstermin. Dabei wurden mir mehrere Modelle gezeigt und man konnte etwas fachsimpeln. Nach kurzer Überlegung von wenigen Tagen entschloss ich mich schließlich zum Kauf und man machte mir ein tolles Angebot, so dass ich schließlich mit einer PAM00992 heimgehen konnte.",5 Sterne
32,Willi Wichtig,"Ich komme nicht aus Berlin, so dass ich alles online/telefonisch abgewickelt habe. Alles unproblematisch, schneller versicherter Versand über UPS und zu 100% empfehlenswert!

Einhergehend mit der freundlichen und kompetenten Beratung durch Frau Tsai kann man von einem gelungenen Einkaufsvergnügen sprechen.
Meine Pelagos läuft einwandfrei und meine Frau hat sich sehr über die 2 Fope Armbänder gefreut. 🙂

Das war bestimmt nicht der letzte Einkauf bei Altherr Berlin.

Vielen Dank und liebe Grüße
Fam. Deneke",5 Sterne
33,Lili M,"Ich habe zum Geburtstag für meinen Mann nach einer Omega Speedmaster gesucht und bin auf Altherr gestoßen.

Da ich leider nicht in Berlin wohne, erhielt ich eine telefonische Beratung.
Ich wurde schnell kontaktiert, freundlich begrüßt und habe mich wirklich von Anfang an wohl gefühlt.

Die Beratung von Herrn Montoya  war überaus kompetent und ich wurde ausführlich über die Uhr und die bevorstehenden Schritte der Kaufabwicklung informiert.

Die Lieferung erfolgte innerhalb eines Tages nach Bezahlung, eine sensationell schnelle Lieferung. Die Uhr war zudem sicher und gut verpackt.

Vielen Dank für dieses tolle Erlebnis!

Ich kann Altherr uneingeschränkt weiterempfehlen.",5 Sterne
34,Georg Hamann,"Eine sehr angenehme und einladende Atmosphäre im Laden. Es gibt frischen Espresso und sehr kompetente Mitarbeiter. Herr Staps hat mich hervorragend beraten und mit mir zusammen meine erste Uhr ausgewählt.
Vielen Dank und weiter so!",5 Sterne
35,V. G.,"Ich habe eine Oris-Uhr bestellt. Sie kamen innerhalb eines Tages in Prag an! Alles in bester Ordnung. Der Verkäufer hat mir Bilder der Uhr über WhatsApp geschickt, damit ich die Zifferblattfarbe auswählen konnte. Wir haben die ganze Zeit über WhatsApp kommuniziert. Ich empfehle den Laden!",5 Sterne
36,Jens,"Ich habe kürzlich meine erste Uhr bei Altherr gekauft und kann ausschließlich Positives darüber schreiben.
Es war ein Online - Kauf der sowohl durch E-Mail - Verkehr als auch telefonisch begleitet wurde.
Sowohl schriftlich als auch telefonisch war der Kontakt stets sehr, sehr höflich, freundlich und kompetent . Trotz der räumlichen Distanz kam mir der Kontakt dennoch ""persönlich"" vor.
Sowohl die Verkäuferin als auch eine Mitarbeiterin aus dem Servicebereich haben bei mir genau den richtigen Ton getroffen.
Auch als sich herausstellte dass die zunächst gelieferte Uhr nicht ganz meinen Erwartungen entsprach, ging man freundlich und konstruktiv auf meine Bedenken bzw. Wünsche ein und es wurde filialübergreifend eine sehr gute und unbürokratische Lösung gefunden.
Mit der gefundenen Lösung bin ich rundum happy und erfreue mich nun an meiner wunderschönen Uhr aus Glashütte.
Auf diesem Weg nochmal herzliche Grüße aus dem Ruhrpott nach Berlin.
(Info zum Bild: Das Band ist nicht original)",5 Sterne
37,Παρασκευάς Τσαλίδης,Der Juwelier ist empfehlenswert. Die ganze Erfahrung war super. Vom ersten Kontakt und Abwicklung bis zur Abholung. Alles war super. Ich werde meine nächste Uhr definitiv da kaufen.,5 Sterne
38,J. R.,"Selten ist es mir so leicht gefallen, 5 Sterne zu vergeben. Der Service war vom ersten Telefonat bzgl. Verfügbarkeit der Wunschuhr über den Termin zur Besichtigung, bis hin zur winzigen Korrektur, der Entfernung eines Staubkorns auf der Unterseite des Glases durch die ausgebildete Uhrmacherin, so ausgezeichnet wie es nur sein kann. Ich bin sicher nicht der einfachste Kunde auf Grund meiner Gesprächigkeit und darüber hinaus gehört die gekaufte Uhr preislich zum unteren Bereich dessen was bei Altherr angeboten wird. Trotzdem war alles auf dem höchsten Niveau, äußerst angenehm und man hatte zu keinem Zeitpunkt das Gefühl, ein Kunde zweiter Klasse zu sein, ""nur"" weil man keine Uhr aus dem hohen 4- oder gar 5-stelligen Preisbereich kauft.

Ein tolles Team, das beweist, dass hochwertige Uhren nicht nur ein Thema für ältere Herren sein müssen! Vielen Dank für die Erfüllung eines kleinen Traums!",5 Sterne
39,Paul Von B,"Dehr stilvoll eingerichteter Store mit einer großen Auswahl an Uhren diverser Preisklassen. Besonders gefielen mir die Cartier, sowie die Grand Seiko Modelle. Auch Nomos Uhren sind vertreten. Die Beratung war sehr umfangreich, professionell und es wurde sich sehr viel Zeit genommen.
Danke nochmals für die Beratung,
Liebe Grüße.",5 Sterne
40,cauZt,"Online eine Tudor Pelagos und eine Uhrenrolle bestellt ,wunderschöne Uhr und qualitativ hochwertige Uhrenrolle aus Echtleder .Versand schnell und Personal kompetent und freundlich kann man sehr empfehlen 5/5",5 Sterne
41,Johannes Junker,Sehr freundliches und fachkundiges Team und exzellenter Service. Außerdem eine angenehme und entspannte Atmosphäre. Ich kann diesen Juwelier nur empfehlen.,5 Sterne
42,S. H.,"Ich habe mich für einen Ring von FOPE interessiert und habe meine Kontaktdaten per WhatsApp hinterlassen, noch am selben Tag meldete sich Frau Lih Tsai bei mir telefonisch und sendete mir Informationen und Fotos von dem Ring zu. Sie machte sich sogar die Mühe ein Video für mich zu drehen, damit ich einen noch besseren Eindruck gewinnen konnte. Von diesem tollen Service war ich so begeistert, das ich mich für diesen tollen Ring entschieden habe. Ich DANKE für diesen tollen Service. Man kann die Firma nur weiterempfehlen!",5 Sterne
43,Bene Wett,"Habe heute meine erste Uhr (Omega Speedmaster) bei ALTHERR gekauft, nachdem ich bei drei vorherigen Terminen  im Laden diverse Modelle ausführlich getestet hatte. Ich wurde jedes mal absolut professionell und sympathisch beraten. Hier wird niemand unter druck gesetzt etwas zu kaufen. Esteban und sein Team machen einen hervorragenden Job und ich kann jedem der auf der Suche nach einer neuen Uhr ist ALLTHERR uneingeschränkt empfehlen.",5 Sterne
44,Robert Lindner,"Ich kann beim Juwelier ALTHERR zweifellos  von einer fantastische Erfahrung in tollem Ambiente berichten! Der Juwelier demonstrierte beeindruckende Fachkenntnisse und nahm sich ausgiebig Zeit, um mir verschiedene Uhrenmodelle und ihre technischen Merkmale zu erklären. Seine Leidenschaft für Uhren war offensichtlich und die freundliche Atmosphäre im Geschäft trug zum positiven Eindruck bei. Letztendlich fand ich die perfekte Uhr und bin äußerst zufrieden mit meinem Einkauf. Uneingeschränkt weiterzuempfehlen für alle Uhrenliebhaber!",5 Sterne
45,Marcus Schulz,"Vom ersten Kontakt per Email, bis zum Telefonat und über die Kaufabwicklung hinaus höchst professionell und zuvorkommend. Hier bekommt man eine grandiose Beratung, diskret und einfach super umgänglich. Besonderer Dank an Herrn Montoya für das großartige Engagement. Gerne wieder und weiter so!",5 Sterne
46,Markus Kniehase,"Es gibt Augenblicke im Leben, da trifft man eine Entscheidung. Nach reichlicher Überlegung war es an der Zeit, für eine Omega Speedmaster. Die einzige aber sehr wesentliche Frage war, wo kaufe ich sie...

Mir sind die bekannten Geschäfte auf der Friedrichstraße oder im Westen der Stadt einfach nicht einladend genug - kurz gesagt, es ist nicht mein Style. Nun mochte ich ein Invest in der Größenordnung aber auch nicht online machen und stieß bei meiner Suche immer wieder auf ALTHERR.

Es war mit dem ersten Anruf und der Terminvereinbarung in der Primetime, kurz vor Weihnachten die richtige Entscheidung.

Wahnsinnig angenehme Atmosphäre mit dem Betreten des Geschäfts, exzellente Beratung (auch wenn meine Entscheidung fest stand) und ein Team, das weiß was es kann - ohne die Bodenhaftung zu verlieren ;)

Danke an Thomas für den angenehmen Nachmittag und Dein Engagement - mich habt ihr überzeugt.",5 Sterne
47,Philipp Busch,"Bin normalerweise Kunde bei ALTHERR in Köln, gehe aber immer wieder gerne in Berlin einfach auf nen Kaffee rein, immer gut gelaunt und ne freundliche Beratung, die einem nicht das teuerer Model aufschwatzen will, sondern zum Typ passen muss!
Würde 6 Sterne geben, wenn es ginge!",5 Sterne
48,Jan-Uwe Freitag,Vielen Dank für die gute und faire Beratung auf Augenhöhe. Die Atmosphäre im Geschäft ist sehr angenehm. Kurzum: ein tolles Einkaufserlebnis und daher sehr zu empfehlen.,5 Sterne
49,Lars Westerhaus,"Ich habe letzte Woche Donnerstag einen Tudor Black Bay Chrono bei Altherr bestellt. Heute ist die Uhr angekommen.

Vom ersten Kontakt bis zur Lieferung der Uhr war alles perfekt. Ich habe selten so einen klasse Service erlebt. Ganz großes Kompliment und viele Grüße an Herrn Montoya, der mir meine Wunschuhr in so kurzer Zeit besorgen konnte. Das wird definitiv nicht der letzte Kauf bei Altherr gewesen sein.

Sehr professionell und großartiger Service. Ich kann Juwelier Altherr uneingeschränkt empfehlen! Vielen lieben Dank für den reibungslosen Ablauf.",5 Sterne
50,K S.,"Habe Samstag bei Altherr eine eigens aus der Kölner Niederlassung bestellte Uhr abgeholt. Bin sehr freundlich und zuvorkommend begrüßt und bedient worden. Nicht professionell freundlich, sondern wirklich freundlich freundlich. Das war bemerkenswert ! Da können sich andere Juweliere/Uhrhändler eine Scheibe von abschneiden. War für mich ein Erlebnis !
Herr Montoya hat mir die Uhr präsentiert, erklärt, die Einstellungsmöglichkeiten am Band gezeigt usw.. Es gab auch einen Capuccino mit nettem Smalltalk zwischendurch.
Die Location ist sehr ansprechend modern gestaltet. Hat mir sehr gefallen.
Die gesamte Abwicklung lief über Altherr Köln. Der Kontakt mit meinem Ansprechpartner (Patrick T.) war sehr angenehm. Alle Fragen wurden per Mail und auch telefonisch zügig beantwortet. Und ich meine detailliert beantwortet. Das war super !
Ingesamt war der Kauf eine tolle Erfahrung. Von A-Z habe ich mich sehr gut aufgehoben gefühlt.
Das wird nicht meine letzte Uhr gewesen sein die bei Altherr gekauft wird.
Fazit: absolute Empfehlung !",5 Sterne
51,Stefan Urlberger,"Perfekte Betreuung, tolle Auswahl und ein Service, wie man ihn heute nur noch selten findet. Ich bleibe gerne Kunde hier und freue mich auf die nächste Transaktion! :-)",5 Sterne
52,AndyBerlin,"Heute eine weitere Omega Speedmaster gekauft. Von der Terminvereinbarung bis zum eigentlichen Kauf, 5 Sterne voll verdient. Freundliche, zuvorkommenden und kompetente Beratung, ich freue mich auf das nächste Mal.",5 Sterne
53,Marc,"Nachdem ich durch Youtube auf den Juwelier aufmerksam geworden bin, habe ich das Geschäft heute aufgesucht. Von Anfang an fiel mir die angenehme ruhige Atmosphäre auf. Ich konnte einige Uhren ohne Druck anprobieren. In dem Zusammenhang aufkommende Fragen wurden kompetent und freundlich beantwortet.",5 Sterne
54,Rich Piana,"Ich hatte online eine Anfrage für eine Tudor Black 54 gestellt. Die Kontaktaufnahme, die gesamte Kommunikation , und schlussendlich die Kaufabwicklung waren hervorragend. Hierfür ein ganz großes Dankeschön an Frau Tsai und Herrn Montoya. !!!
Kann die Berliner Altherr-Filiale und das gesamte Altherr Personal vor Ort nur empfehlen.
Ein wunderbares Einkaufserlebnis insgesamt.
Altherr ist eine klare Empfehlung !",5 Sterne
55,Tom Sawyer,"Eine sehr fundierte Beratung, mir wurde beim Kauf alles genau und vor allem in Ruhe erklärt. Der Showroom ist richtig schön - für das leibliche Wohl sorgt gleich im Eingangsbereich die Café Lounge. Ich bin mit einem Grinsen und neuer Uhr am Handgelenk nach Hause, und komme gerne wieder . Danke auch an das super nette Team vor Ort!",5 Sterne
56,Christopher K.,"Herr Montoya und seine Kolleginnen und Kollegen haben einen tollen Job gemacht. Die Atmosphäre war professionell und dennoch locker, was den Kauf einer Uhr sehr entspannt hat. Der Ablauf war perfekt, die Beratung und Konfiguration der Uhr problemlos.

Ich würde für weitere Käufe und Anfragen jederzeit wieder vorbeikommen.

Danke für das tolle Einkaufserlebnis!",5 Sterne
57,Rogu X,"Entsprechend meiner Vorstellungen wurde mir aus dem offensichtlich gut bestückten Warenbestand bei Altherr am Hackeschen Markt eine Kollektion vorgestellt, aus der ich am Ende mit (m)einer neuen Uhr dem Heimweg antreten konnte. Dabei wurde spontan ein Vororttermin angeboten und viel Zeit eingeräumt - Entscheidungen fallen manchmal nicht leicht, zumal man vor eine Wahl gestellt wird und im Vorfeld nicht festgelegt ist. Vielen Dank für die super Begleitung durch diesen Prozess - die Atmosphäre im Ladengeschäft ist klasse, ich fühlte mich zu keinem Zeitpunkt in irgendeiner Art ""gedrängt"", abschließend zum Punkt kommen zu müssen. Bin ich aber - und freue mich nun wahnsinnig, mit der Globemaster auf eine wunderschöne und elegant daherstrahlende Alternative zurückgreifen zu können, die nicht arg so sportlich daherkommt. Auf diese Idee wäre ich allein nie gekommen. Der Weg zu Altherr hat sich somit absolut gelohnt!",5 Sterne
58,Susan Zindler,"Der wirklich beste Juwelier der Stadt Berlin.
Wenn jemand vor hat, eine Uhr oder Schmuck zu kaufen, dann unbedingt bei Altherr Berlin. Sehr modernes Ambiente, tolle Marken und äußerst freundliche Mitarbeiter. Besonders zu erwähnen ist Herr Dr.Sebastian Hillebrand, der sich für unsere neue Uhr besonders viel Zeit genommen hat. Kein Vergleich zu den großen, verstaubten Ketten dieser Branche. Vielen Dank nochmals, wir kommen auf jeden Fall wieder.",5 Sterne
59,Alexis,"Nachdem ich Anfang des Jahres bereits einen Verlobungsring bei ALTHERR gekauft habe, entschied ich mich dazu mir am Wochenende meine erste Automatikuhr zu kaufen. Es wurde die Omega Seamaster Driver 300 James Bond.

ALTHERR ist ein sehr moderner und offener Juwelier. Nicht wie die bekannte Konkurrenz, bei der man sich nicht einmal traut den Laden zu betreten 😅 das Team ist mega sympathisch und versucht auf jeden Kundenwunsch einzugehen.
Egal ob Schmuck oder Uhr, ich kann ALTHERR zu 100 % empfehlen 👌",5 Sterne
60,Lukas Behrens,"Ich habe Anfang November die Berliner Filiale von Juwelier Altherr aufgesucht, nachdem ich bereits einen telefonischen Erstkontakt zur Beratung mit Herrn Montoya hatte.

Nach einem angenehmen und ausführlichen Gespräch und Austausch mit Herrn Montoya, habe ich mich letztlich dazu entschieden meine Omega Speedmaster Professional Moonwatch hier zu erwerben.

Der Kaufprozess war besonders verglichen mit anderen Konzessionären hervorragend. Hier habe ich mich ab der ersten Sekunde ernstgenommen und gut aufgehoben gefühlt. Keine aufgeblasene Wichtigtuerei, sondern ernsthaftes Interesse am Thema und daran den Kunden ordentlich zu Beraten. Leider auch bei so hochpreisigen Waren nicht unbedingt die Regel.

Trotz dessen, dass ich relativ kurz vor Ladenschluss die Filiale besucht habe, hat man sich viel Zeit für die Beratung genommen und sichergestellt, die Uhr richtig auf mein Handgelenk einzustellen.

Deshalb meine uneingeschränkte Empfehlung für Juwelier Altherr in Berlin.",5 Sterne
61,Tamás,Sehr freundliches Team und fachlich korrekte Beratung. Super Auswahl von Grand Seiko Modellen.,5 Sterne
62,Mr. X,"Online Bestellt bis zur Bestellung ist alles super gut gelaufen nach der Bezahlung der Ware wurde der Service extrem schlecht.
Fazit Bestellung nicht erhalten warte immer noch auf mein Geld.",1 Stern
63,Mario Bell,"Absolut empfehlenswert! Kompetent, zuvorkommend, fair, wirklich TOP Abwicklung! Sehr gerne wieder! Danke Herr Hillebrand!",5 Sterne
64,Merit Ölce,"Ich war bei ALTHERR um meine Uhr kürzen zu lassen und ich wurde super herzlich empfangen. Die nette Dame hat sich auch direkt um mich und mein Anliegen gekümmert. Großzügiger weise wurde ich gefragt, ob ich etwas trinken möchte und anschließend ging es auch schon los. Super schnelle und saubere Arbeit. Sehr entspannte und professionelle Atmosphäre. Immer wieder gerne!!!",5 Sterne
65,Frederik Scharfenberger,Ich habe Anfang der Woche über den Online-Shop den Wunsch nach einer Beratung hinterlassen. Im Laufe des Nachmittags hatte ich einen Rückruf von Frau Lih Tsai und alle meine Fragen und Wünsche wurden beantwortet. Es kam zur Einigung und die Uhr war in weniger als 48 Stunden per Express bei mir. Für meinen ersten Kauf bei ALTHERR war ich sehr zufrieden und kann das Geschäft nur empfehlen!,5 Sterne
66,Mark,"Hatte Online Kontakt aufgenommen und habe anschließend ein nettes Gespräch am Telefon geführt. Super nettes Personal, was fair und auf Augenhöhe begegnet und sich Zeit nimmt. Wäre ich aus der Gegend, wäre ich sicher öfters vor Ort! Gerne wieder!",5 Sterne
67,ruki jackson,"Klare Empfehlung, ein super nettes Team, tolle Auswahl und ein ganz schön cooler Laden. Hier wird man auch ganz normal behandelt und zwar jeder, nicht so wie bei einigen anderen bekannten Händlern, die glauben sie wären Berghain. Top Shop und Crew!",5 Sterne
68,Daniel Brandis,"Unbedingt zu empfehlen. Rundum zufrieden mit dem Geschäft. Alles lief absolut unkompliziert und reibungslos.
Zuerst telefonische Beratung über eine Uhr und Zusendung der selbigen zum schnellstmöglichen Termin.
Super nette und kompetente Beratung in einem Ambiente, einfach zum Wohlfühlen. Ich bedanke mich nochmals recht herzlich für Ihren Service. Ich komme sehr gerne wieder.",5 Sterne
69,SabE SCHÖN,"Die Kommunikation mit Altherr im Vorfeld war hervorragend, der Versand der Uhr (Oris Okavango Air Rescue Limited Edition) war sehr sehr schnell. Alles in allem wirklich empfehlenswert! Vielen Dank!",5 Sterne
70,Milana Kogan-Rudolph,"Tolles Kauferlebnis! Ich wollte eine Uhr online bestellen, doch mir wurde geraten, sie mir erstmal im Showroom anzugucken. Das erste Telefonat war sehr freundlich und den Termin habe ich noch am selben Tag erhalten. Vor Ort wurde ich freundlich und herzlich von allen Mitarbeitenden begrüßt, kompetent und professionell beraten und kann mit 100%-iger Sicherheit sagen, ich habe die richtige Entscheidung getroffen und bin mit der Kaufberatung und natürlich der Uhr überglücklich.",5 Sterne
71,Raimund Paul,Vor einigen Tagen habe ich beim Juwelier Altherr eine Uhr von Cartier gekauft. Sowohl die Beratung wie auch der Versand hat hervorragend geklappt. Ich bedanke mich bei Frau Tsai ganz herzlich dafür.,5 Sterne
72,Nils K.,"Moin zusammen,

da mein gewünschtes Model aktuell deutschlandweit schwer direkt zu bekommen ist, habe ich auf gut Glück bei ALTHERR angerufen. Hier habe ich direkt mit Herrn Hillebrand telefoniert, der mich perfekt beraten hat und mir mitteilte, dass Sie die Uhr zum Verkauf haben. Kurze Zeit später habe ich noch mit einem weiteren Kollegen (Herrn Posimski) telefoniert, welcher mich ebenfalls noch einmal voller Leidenschaft beraten hat. Nach den tollen Gesprächen stand der Entschluss auch fest und ich habe meine neue BlackBay41 bestellt.
Der Versand lief unkompliziert und schnell. Das Armband wurde auch entsprechend gekürzt, sodass ich die Uhr direkt umlegen konnte.

Ich bedanke mich sehr für das tolle Kauferlebnis und kann ALTHERR jedem empfehlen.

Viele Grüße
Nils K.",5 Sterne
73,Jens Guderjahn,Letzte Woche im Ladengeschäft gewesen. Angenehme Atmosphäre und klasse Beratung. Danke an Hr. Weerts.,5 Sterne
74,Robert W,"Ich habe heute meine bestellte Fortis F39 bei Altherr in Berlin abgeholt. Der gesamte Prozess, von der Bestellung bis zur Abholung verlief reibungslos, absolut zuverlässig und professionell. Besser geht es schlichtweg nicht.",5 Sterne
75,Bastian Sauer,"Habe heute meine vierte Uhr bei Altherr gekauft. Die letzten drei Uhren habe ich alle online bestellt nach einer Beratung ausschließlich per E-Mail - was bislang auch immer wunderbar geklappt hat. Heute konnte ich das erste mal die Filiale in Berlin Mitte besuchen und bin sofort fündig geworden. Das Ambiente in der Filiale ist super modern und extrem angenehm. Und die Beratung durch Sebastian, der Berliner Geschäftsstellenleiter, einfach großartig. Ein echter Kenner und Uhrenliebhaber. Ich werde sicher ganz bald wieder kommen. Vielen Dank nochmal an das Altherr-Team!",5 Sterne
76,Hoai-Anh Ngo-Vi,"Kontaktversuch per E-Mail. Ich wurde von Herrn Montoya telefonisch kontaktiert. Sehr nette Gespräche, gute Beratung (bündig, präzise). Uhr bestellt. Versand schnell, Uhr gut angekommen. Ich bin mehr als zufrieden. Nummer von Herrn Montoya für eventuell weitere Beschaffung gespeichert ;-)",5 Sterne
77,Maximilian Giehl,"Wirklich super nette Beratung und Service. Coole Auswahl an Uhren und sehr kompetentes Personal. Einer der wenigen Juweliere, wo man merkt, dass die Leute Spaß an Zeitmessern haben und sich wirklich Zeit nehmen. Ich komme sehr gerne wieder!",5 Sterne
78,Andreas Leib,"Top Juwelier 👍
Großes Dankeschön an Thomas, der mich jetzt schon zweimal beim Uhrenkauf unterstützt hat.
Geht auch alles von Rostock aus, man muss nicht extra nach Berlin fahren.
Uhr im Online Shop aussuchen Mail schreiben und prompt kommt die Antwort!
Sehr gute Kommunikation schnelle Antwort auf Fragen .
Einfach ausprobieren und staunen 👍
Würde immer wieder dort kaufen !",5 Sterne
79,Olia Tschen,"Wunderschöner und stilvoller Laden, mit mehr als kompetenten Mitarbeitern. Ich hatte ein tolles Kauferlebnis und würde dieses jederzeit wiederholen. Vielen Dank an die Mitarbeiter, die ihre Expertisen mit mir geteilt haben.",5 Sterne
80,Christian Klose,Angenehme und fundierte Beratung durch Patrick Weerts wurde durch ein erstklassiges Kauferlebnis im Store abgerundet !,5 Sterne
81,N. K.,"Ich habe letzte Woche vor Ort eine Uhr gekauft. Mit Herrn Montoya lief die Beratung, der Kauf und alles drumherum perfekt - danke! Alles sehr angenehm und verlässlich.",5 Sterne
82,Jack Pro,"Meine Frau und ich wollten uns dieses Jahr beide eine neue Uhr zulegen. Ich hatte bereits ein bestimmtes Modell im Auge, sie noch nicht. Nach einem Totalausfall eines bekannten Juweliers am Ku-Damm habe ich hier unkompliziert einen Termin per E-Mail vereinbart. Die Erstberatung war wirklich super, zufällig sogar durch den Geschäftsführer selber. An dem Tag kauften wir jedoch nichts, sondern haben weitere Wunschmodelle zur Ansicht bestellt. Durch die Lieferengpässe bei bestimmten Modellen hat sich das zwar gezogen, wir wurden jedoch laufend auf dem neuesten Stand gehalten. Nachdem beide Wunschmodelle nun vor Ort waren, haben wir auch beide gekauft. Der gesamte Besuch,die Beratung,das Team, der Kauf und letztlich die Lieferung der Uhr hat großen Spaß gemacht. Hier erlebt man sympathische, sehr professionelle Uhrenliebhaber bei der Arbeit.",5 Sterne
83,Markus Gerauer,"Auch ich kann guter Dinge 5 Stenre vergeben. Die Beratung und der Verkauf war vollkommen ohne Druck und in angenehmer Atmosphäre. Meine Wunschuhr wurde extra zur unverbindlichen Anprobe von Köln nach Berlin gesendet.

Besonders hat mir gefallen, dass man auch als ""Luxus-Uhren-Neuling"" und ohne großes Markengeprotze auf Augenhöhe behandelt wurde. Alles in Allem sehr zu empfehlen. Immer gern wieder :-)",5 Sterne
84,Sven Helmbold,"Ich bin sehr beeindruckt, was manch ein Geschäft vor Ort nicht hinbekommt, schafft ALTHERR online ohne Probleme. Herr Hillebrand hat meinen Wunsch erkannt und, nach geringer Wartezeit erfüllt. Gestern war nun der große Tag, super Paket, super Uhr und dazu noch ein super Goodie...alles in allem, mein neuer Uhrendealer, da stören 350 km Entfernung überhaupt nicht. Vielen Dank für die Kompetenz, die Freundlichkeit, einfach für alles. Liebe Grüße aus Eisenach",5 Sterne
85,Andreas Götz,"Übertroffene Erwartungen und ein beispielloses Finale.
Damit hätte ich nicht gerechnet. Unser Besuch in der Altherr Filiale Berlin wurde zu einem sagenhaft wunderschönen Erlebnis. Besonderer Dank richtet sich dabei an Herr Posimski, welcher es verstand, mit viel Geduld und Einfühlungsvermögen, meine Wünsche wahr werden zulassen. Fachkompetenz und Themenverständnis prägten einen wundervollen Austausch zum Thema Uhren, bei dem auch die Beratung zur Wertstabilität u.ä. nicht fehlte. So begleitete Hr. Posimski geschickt meinen Weg zur Entscheidungsfindung und als auch meine Frau ihr o.k. gegeben hatte, konnte ich mit meiner neuen ""Omega Seamaster Diver 300M"" überglücklich und zufrieden, den Kopf voll mit vielen positiven Erfahrungen und Eindrücken, den Heimweg antreten.
Von A (Alpha) bis O (Omega) ein rundum empfehlenswertes Erlebnis. Das Armband wurde gleich vor Ort angepasst und die Bereitschaft zur Unterstützung beim Erwerb eines zusätzlichen Wechselarmbandes zugesichert.
Ich werde die Filiale in den nächsten Tagen nochmals aufsuchen, um die Länge des Armbandes anzupassen, hierzu wurde ich bereits herzlich eingeladen.
Bitte weiter so. Herzliche Grüße von Fam. Götz",5 Sterne
86,Leon Bülter,"Zu meinem Bachelor wollte ich mir ein besonderes Geschenk machen und bin auf die Idee gekommen, dass es meine erste hochwertige Uhr sein soll.
Wir hatten vorher telefonisch schon einen Termin ausgemacht und über die Uhr gesprochen. Esteban hat mich super gut beraten und alles war total einfach und unkompliziert !
Der Laden ist sehr stilvoll eingerichtet und alle Mitarbeiter sind sehr zuvorkommend.
Ich komme gerne wieder, Dankeschön!",5 Sterne
87,Mia Bro,Vielen Dank für den großartigen Service. Batterie Wechsel inklusive Dichtigkeit Check in express Geschwindigkeit.,5 Sterne
88,Tobias Süß,"Von der ersten spontanen Beratung bis zum Kauf ein rundum super Erlebnis.
Habe meine erste Uhr bei Altherr gekauft und ich bin von meinem ersten spontanen Besuch an professionell, verständnisvoll und auf meine individuellen Vorstellungen hin ausgezeichnet beraten worden.
Die Kaufabwicklung war unkompliziert und ebenfalls nach meinen Wünschen ausgerichtet. Jegliche Kommunikation war einfach schnell und zur vollen Zufriedenheit.
Absolute Weiterempfehlung.",5 Sterne
89,Anke W.,"Ich wurde bei dem Kauf einer neuen Uhr umfassend und stets äußerst freundlich durch Herrn Montoya beraten. Auch die Abwicklung des Versands war unkompliziert. Trotz Kaufs per Versand hatte ich ein tolles Einkaufserlebnis. Wer nach einem kompetenten Juwelier sucht, wird hier bestens bedient.",5 Sterne
90,Johann Mayer,"Frau Tsai hat mich am Telefon kompetent, freundlich und zuvorkommend beraten. Auch die Kommunikation später über Email klappte verzögerungsfrei.
Von der Beratung bis zum Versand war alles perfekt und professionell.
Ich kann den Juwelier nur empfehlen.",5 Sterne
91,Andreas Hietkamp,"Außergewöhnlich freundlicher und engagierter Service. Auf der Suche nach einer nicht mehr im aktuellen Programm produzierten Nomos wurde ich bei Altherr fündig. Da es das einzige noch verfügbare Exemplar war, erfolgte der online Kauf mit freundlicher  telefonischer Unterstützung. Als die Ware auf dem Versandweg über mehrere Tage hinweg durch Verschulden des Logistikers nicht mehr auffindbar war hat das Serviceteam von Altherr durch seine enge und vertrauensvolle Kommunikation dafür gesorgt, dass das Geburtstagsgeschenk letztendlich doch noch rechtzeitig eintraf.
Nochmals vielen herzlichen Dank an das engagierte Serviceteam !",5 Sterne
92,W. Thiessen,"Der Austausch eines alten Lederarmbandes erfolgte schnell und zu fairem Preis noch kurz vor Feierabend, ein verlorener Federbügel wurde ein paar Wochen später kostenlos ersetzt. Guter und schneller Service, freundlich, ohne Wartezeit, für eine „Vintage-Uhr“ aus Glashütte.",5 Sterne
93,Nils,"Sowohl der Service, als auch die Kaufabwicklung waren freundlich und professionell! Ich werde bestimmt noch weitere Uhren hier kaufen.",5 Sterne
94,Bartosz,"Auch ich kann mich den positiven Erfahrungen nur anschließen.
Der Kontakt läuft entspannt per Mail oder Telefon und selbst bei diesen nur bedingt persönlichen Formen des Kontakts, fühlt man sich hier gut aufgehoben.
Ich wusste, dass ich mich bei der gewünschten Cartier Tank auf eine längere Wartezeit einstellen muss; aus dem avisierten „1. Halbjahr 2023“ wurde dann doch Anfang Januar. Da selbst direkt bei Cartier kein Modell seit längerem lieferbar war, war ich natürlich sehr froh, dass es bei Altherr so gut und schnell geklappt hat.

Gerne immer wieder!",5 Sterne
95,Martin Speri,Tolle Auswahl an Uhren und absolutes Top-Team! Fühle mich immer sehr gut aufgehoben wenn ich dort bin. Vor allem der Service der eigenen Uhrmacherwerkstatt ist immer absolut zuverlässig und reibungslos. Weiter so!,5 Sterne
96,Oliver Rauch,"Nette und kompetente Beratung. Sortiment übersichtlich. Leider wurde die Inventur und damit die geänderten Öffnungszeiten nicht publiziert, sodass der Besuch erst im zweiten Anlauf klappte.",4 Sterne
97,Jochen Wiesner,"Habe eine Fortis Uhr gekauft. Insgesamt eine freundliche, kompetente Beratung und ein superschneller Service bezüglich der Lieferung und zusätzlicher Fragen. Gerne wieder!",5 Sterne
98,Eduard,Ich war im September bei Juwelier Altherr in Berlin. Mit einem leckeren Cappuccino wurde ich sehr freundlich und professionell beraten. Am Ende wurde es die Omega Seamaster Diver M. Vielen Dank für die schnelle und unkomplizierte Abwicklung - speziell an Esteban. Ich komme gerne wieder!,5 Sterne
99,Lukas Mroczek,Sehr angenehme Beratung am Telefon so wie per E-Mail. Schnelle und sichere Abwicklung beim Kauf. Ich kann es nur weiterempfehlen! Vorbildlich!,5 Sterne
100,Dominic Waldenmayer,"Für mich eine der Top-Adressen in Berlin was Uhren angeht. Bei meinem ersten Besuch hatte ich eine tolle Zeit, bei gutem Kaffee und super Gesprächen. Der Empfang und die Beratung waren spitze. Die vorrätige Auswahl an Modellen sowie die Herstellervielfalt zeichnen die Filiale ebenso aus. Die Inneneinrichtung wirkte auf mich sehr einladend und modern. Schlussendlich habe ich direkt eine Tudor mitgenommen und werde bei jedem Berlin-Aufenthalt gerne wieder vorbeischauen - absolute Empfehlung.",5 Sterne
101,Stefan P.,"Habe Altherr Berlin angerufen und nach einer bestimmten Uhr gefragt. Die freundliche Dame am Telefon hat sie gleich in die Filiale bestellt - Top.
Zum Termin freundlicher Empfang in sehr entspannter Atmosphäre mit leckerem Kaffee. Ich wurde super professionell von Herrn Montoya beraten.
Ich hatte noch eine eigene Uhr zur Revision mit. Die Uhrmacherin half bei der Einschätzung des Aufwandes fair, sachlich und auf den Punkt. Sehr sympathisch.
Tolles Team mit Kompetenz und Leidenschaft. Danke, bin sehr zufrieden",5 Sterne
102,Srba Aleksic,"Exellenter Service, sehr kompetentes Team und eine sehr große Auswahl an Uhren. Ich wollte eigentlich nur eine Uhr kaufen aber durch die große Auswahl und den sehr guten Service habe ich dann zwei Uhren gekauft.",5 Sterne
103,Marco Lietz,"Spontan reingeschaut, um mir die neuen Tag Heuer Uhren anzuschauen. Leider führt die Berliner Filiale Tag Heuer nicht. Aber trotzdem große Auswahl und tolle und vor allem ehrliche (!) Beratung. Esteban hat sich viel Zeit genommen für meine erste Uhr. Am Ende bin ich happy mit einer neuen Tudor am Arm raus. Der Kaffee war auch super ;) Ich komme wieder!",5 Sterne
104,Maximilian Steinbauer,"Top Service, schnelle und freundliche Beratung. Gute Preise, komme wieder wenn in Berlin.",5 Sterne
105,phil_104,Ich habe eine kompetente und persönliche Beratung über Whatsapp und telefonisch erhalten. Die Ware wurde super schnell und sicher zu mir geliefert. Danke an Altherr für diesen tollen Service 👍. …,5 Sterne
106,Steffen Jaap,Sehr freundlicher und kompetenter Kontakt. Zuerst telefonisch und dann vor Ort in Berlin. Wunschuhr gefunden und gekauft. Herzlichen Dank!,5 Sterne
107,Markus Trost,"Hab mir ein verspätetes Weihnachtsgeschenk gegönnt. Da im Süden ansässig war es mir leider kurzfristig nicht möglich die Filiale in Berlin zu besuchen. Also online, aber nicht wirklich klassisch online. Hab per Telefon und Mail jederzeit kompetente, freundliche und verbindliche Auskünfte bekommen. Tolles Personal nicht nur mit Fachkenntnis, sondern mit Enthusiasmus für Uhren bei der Sache. Vielen Dank euch, der Besuch im Laden wird nachgeholt!
Macht bitte weiter so!",5 Sterne
108,Dimi,"Auf der Suche nach einer Uhr von Tudor bin ich vor einiger Zeit auf das Team in Berlin gestoßen und bin sehr glücklich darüber! Bereits das erste Telefonat ist so professionell und gleichermaßen freundlich gewesen, weshalb für mich Altherr in Berlin künftig die erste Anlaufstelle sein wird, obwohl ich selber gar nicht aus Berlin komme. Ihr seid ein super Team, weiter so!",5 Sterne
109,Reinhard Oberndorfer,"Ich habe eine Omega Speedmaster gekauft. Die Uhr musste aus einer anderen Filiale beschafft werden, was - da ich mich nur zu Besuch in Berlin aufhielt - auch innerhalb des mir zur Verfügung stehenden Zeitfensters organisiert wurde.
Die E-Mail-Kommunikation im Vorfeld verlief reibungslos, was nach meinen Erfahrungen selbst bei teueren Produkten leider nicht selbstverständlich ist.
Die Beratung vor Ort war entspannt, freundlich und kompetent. Könnte nicht besser sein.",5 Sterne
110,Frank Ufer,"Der Service war schon immer mein Argument für Altherr. Ich hatte ich schon seit Jahren mit Köln zu tun, nun bin  ich  durch einen Zufall zu Altherr nach Berlin gekommen. Ich will mich kurz fassen. Nur ein Wort. Großartig. Die Kommunikation war vom ersten Kontakt bis zur Lieferung einfach toll. Es wurde nicht einfach was von der Stange verkauft, nein ich wurde mit ganz viel Geduld beraten und habe eine sehr schöne Uhr erstanden. Alles in allem eine 100% ige Empfehlung. Vielen Dank nach Berlin.",5 Sterne
111,L. B.,"Nach einer sehr freundlich wie ausführlichen und überhaupt nicht aufdringlichen Beratung,  habe ich hier, als Walk-In am Samstagnachmittag, meine erste Omega Speedmaster gekauft. Das Ambiente und das Personal machen den Uhrenkauf zu einem wunderschönem Einkauferlebnis.
Einfach sehr zu empfehlen!",5 Sterne
112,Matthias Gädke,"Ich habe hier online eine BB 41 gekauft und alles hat vom Kontakt bis zum Versand prima geklappt, TOP! Hier kaufe ich gerne wieder ein. Ich sagte einfach: weiter so und vielen Dank!",5 Sterne
113,Theo Schneider,Ich musste das Armband meiner Uhr wechseln lassen. Kurzer Kontakt. Super schnell bestellt. Wunderbar schnell im Laden gewechselt. Und in der Wartezeit noch ein Glühwein bekommen. Und der Laden sieht echt toll aus. Keine Spur von einem klassischen etwas altbackenen Juwelier. Und super nettes Team. Klare Empfehlung!,5 Sterne
114,Dariusz Brunzel,"Ich war von der angenehmen und freundlichen Atmosphäre beim Besuch des sehr geschmackvollen eingerichteten Juweliergeschäfts sehr angetan . Der Kauf meiner Uhr war ein schönes Erlebnis , darüberhinaus konnte ich noch eine ältere Uhr zur Reparatur geben .
Ich kann dieses Geschäft und sein Team wärmstens empfehlen .",5 Sterne
115,Arash Marandi,"Ich wurde zunächst von einem jungen Team sehr freundlich willkommen geheißen und habe mich direkt sehr wohl gefühlt.
Das Erlebnis, die erste hochwertige Uhr zu kaufen, war hier ein sehr besonderes. Danke an alle freundlichen Mitarbeiter, besonders Esteban für seine Zeit und Hingabe.
Ich bin neugierig reingegangen und über beide Ohren grinsend wieder raus. :)
Die Uhr lege ich nur schweren Herzens ab.",5 Sterne
116,Alexander Quarter,"Freundlich, kompetent, verbindlich

Sehr schöner Store. Tolle Auswahl. Die Atmosphäre ist entspannt und die Beratung exzellent.

Ein Konzi wie man sich ihn wünscht👍🏻",5 Sterne
117,Thomas Zech,"Perfekter Service und unkomplizierte Kommunikation.
Auf alle meine Bedürfnisse wurde eingegangen, bin rund um Happy!",5 Sterne
118,Patrick K.,"Hier zählt der Mensch, nicht das Budget!

Ich habe schon viele Juweliere und Konzessionäre besucht, habe mich bislang aber nirgendwo so gut aufgehoben und beraten gefühlt.

Bereits die Beratung per Telefon und e-Mail im Vorfeld war super freundlich und unkompliziert. Die Atmosphäre im Laden war super! Man hatte zu keiner Zeit das Gefühl beobachtet zu werden. Auch im Beratungsgespräch hat man sich zu keinem Zeitpunkt zu irgendwas gedrängt gefühlt. Wir konnten uns alles anschauen und anprobieren, was uns gefallen hat und haben am Ende eine Tudor für meine Frau gekauft.

Ich möchte das herausheben, das es leider nicht die Norm ist, so fair und freundschaftlich behandelt zu werden. Und das unabhängig davon, ob man etwas kauft, oder wie viel Geld man ausgibt.

Eine absolute Empfehlung! Auch wenn man nur schauen, plaudern und einen Kaffee trinken möchte.",5 Sterne
119,Kate Ohneidee,"Mein Freund und ich hatten heute einen sehr tollen Nachmittag in diesem Laden. Auf der Suche nach einer Cartier, wurden uns verschiedene Modelle vorgestellt - dabei wurden besonders die vielen Details hervorgehoben. Wir haben uns selten besser beraten gefühlt. Der Laden ist auch für Uhr-Einsteiger geeignet. Die Berater dort waren sehr sehr freundlich und professionell.",5 Sterne
120,Michael Lindner,"Waren aus München zu Besuch in Berlin und als Uhren Liebhaber schauten wir kurz bei Altherr rein. Als echter Münchner war ich von der unfassbar ECHTEN liebenswerten, professionellen Art der zwei Verkäuferinnen fasziniert. Das kenne ich in München im Luxusartikelbereich oft anders.....Bin selbst Händler und würde beide sofort einstellen!
Beste Grüße aus München
Michi und seine Mutter Rosi",5 Sterne
121,Maximilian Augustin,"Da meine Frau und ich aus Süddeutschland stammen konnten wir das Ladengeschäft leider nicht besuchen, wurden aber ausgezeichnet per Telefon und Email zu unseren Wunschuhren beraten. Es wurde auf alle unsere Anliegen eingegangen, fachlich alles immer top, extrem freundlich und zuvorkommend. Wir hatten auch Gravuren bestellt, die wirklich toll geworden sind. Die Uhren wurden super schnell und einwandfrei geliefert. So macht Uhren kaufen auch aus der Ferne Spaß! Wir werden sicher wieder bei Altherr kaufen.",5 Sterne
122,Christian Müller,"Unglaublich gut! Es ist eine Freude, dass es so etwas noch gibt - ehrliche, sehr gute und fachlich fundierte Beratung!

Zudem noch absolute Verlässlichkeit - ein Traum!

Leider konnte ich nicht im Geschäft kaufen (aufgrund der Entfernung) und „nur“ Online mit telefonischer Beratung, ich hätte Herrn Hillebrand gerne persönlich kennen gelernt.

Wer eine edle Uhr kaufen möchte ist hier goldrichtig!

Vielen Dank und gerne wieder. 👍🏻👍🏻👍🏻",5 Sterne
123,Jannik G,"***** ich möchte mich an dieser Stelle recht herzlich für den super Service und die Betreuung bei Altherr Berlin insbesondere bei Herrn Montoya bedanken. So sieht Online Uhrenkauf aus! Sehr zuvorkommend, immer hilfsbereit und kundenorientiert! Das war mit Sicherheit nicht meine letzte Uhr bei Altherr Berlin.",5 Sterne
124,Nicolas Balzer,"Meine bisher beste Erfahrung bei einem Juwelier. Ich erlebe oft, dass man als jüngerer Kunde in Juwelieren nicht richtig ernst genommen wird, unabhängig davon ob man eine konkrete Kaufabsicht hat oder nicht. Ganz anders hier. Ich habe spontan nach einer Tudor gesucht, bei der mir die großen Juweliere einen Platz auf der Warteliste anboten. Bei Juwelier Altherr genügte ein Anruf und 20 min später wurde ich von den Verkäufern bestens empfangen und die Uhr lag für mich bereit. Alles im allem eine sehr positive Erfahrung. Gerne wieder",5 Sterne
125,Alexander Barufke,"Wir waren Anfang November zufällig in diesem neuen beeindruckenden Store und wollten ""nur mal gucken"". Selbst als junge Familie, mit einem Kleinkind im Arm, wurden wir super freundlich und unvoreingenommen empfangen. In dieser Branche ist dies nicht selbstverständlich. Auch unser Kind wurde herzlich umsorgt.

Schlussendlich habe ich mir dort meine erste Luxus Uhr gekauft. Die einmalige Atmosphäre im neuen Berliner Altherr Store und der unaufdringliche Service gegenüber dem Kunden haben mich relativ schnell zum Kauf überzeugt. So sehr, dass ich eine Woche später noch 2 weitere Uhren kaufte.

Wir fühlten uns in diesem Ladengeschäft sofort sehr wohl. Alles ist sehr modern und schlicht eingerichtet. Angefangen vom freundlichen Empfang, dem Verkaufsprozess selbst, bis hin zum sensationellen Aftersales Service dieses tollen Teams, kann man diesen Store nur in den Himmel loben. Absolute Vorbildfunktion und Wegweiser für eine neue Ära in dieser Branche. An dieser Stelle auch noch einmal vielen Dank an Herrn Hillebrand, der uns super betreut hat und noch betreuen wird!",5 Sterne
126,Fedi,Tolle Auswahl und super Beratung. Hier macht das Uhrenkaufen Spaß! Besonders der Service von Herrn Montoya war Erste Klasse!,5 Sterne
127,KaNuni 567,Sehr freundliche Mitarbeiter. Tolle und kompetente Beratung. Zudem eine super schnelle Lieferung und schnelle Antworten auf weitere Fragen. Kann ich nur empfehlen. Gerne wieder!,5 Sterne
128,S. K.,"Ich habe gerade eine Uhr bei Altherr gekauft - online und alles per E-Mail und Telefon abgewickelt, weil Köln und Berlin zu weit entfernt von mir sind. Altherr kenne ich in erster Linie von Insta und Youtube. Und mein sehr positiver Eindruck von dort hat sich bestätigt. Vom ersten Kontakt an war die Beratung hervorragend, professionell, sympathisch und umfassend sowie schnell und vertrauensvoll. Auch für das Shopping auf digitalem Weg kann ich Altherr daher in jedem Fall empfehlen - und greife jederzeit sehr gerne wieder darauf zurück.",5 Sterne
129,Swen Adamczyk,"Habe mich mal wieder bei Altherr in Berlin verwöhnen und begeistern lassen. Tolle Produktberatung, tolles Produkt, faire Inzahlungnahme und ein wenig Nachlass auf das neue Stück gab es auch. Ich werde wohl wieder hingehen :-)",5 Sterne
130,Benjamin Störk,"Perfekt!

Ich habe vorige Woche die erste Uhr bei Altherr in Berlin gekauft. Von der Bestellung über die Beratung sowie die Abholung war alles auf absolutem 5-Sterne Niveau.

Ich werde bei meinem nächsten Aufenthalt in Berlin gerne wieder kommen.",5 Sterne
131,Der Verwalter,"Brauchte kurzfristig eine Uhr zum Wochenende. Am Montag geordert, am Freitag hatte ich sie am Handgelenk, trotzdem sie aus der Schweiz geordert werden musste. Dazu kam noch ein Feiertag in Berlin. Perfekter Job!!!!",5 Sterne
132,Duy Anh Dao,"Sehr cooler Store mit einem angenehm offenen Team, das definitiv die gleiche Liebe für Uhren teilt wie vermutlich die meisten reinkommenden Kunden! Hier wird man als Kunde nicht wie bei vielleicht anderen steifen Juwelieren oder Uhrenhändlern in Berlin schon vorab in eine Schublade gesteckt, was definitiv sich in der engagierten, geduldigen und freundlichen Beratung niederschlägt. Der Austausch über verschiedenste Uhrenmodelle mit dem Esteban hat mir jedenfalls sehr viel Spaß bereitet.

Der Store selbst ist aufgeräumt, aber dennoch einladend gemütlich eingerichtet und hat sogar eine Bar! Die Lage ist etwas ungewöhnlich für ein Luxusuhrengeschäft, aber wer mag schon gewöhnlich sein.😄

Das Kauferlebnis vor Ort ist im Vergleich zum online Second Market definitiv sehr viel besser und die vielleicht paar hundert Euro (wenn überhaupt) mehr wert!",5 Sterne
133,René Lender,"Ich war auf der Suche nach einer Uhr für meine Frau. Die eine, die sie sich gewünscht hatte, war in keinem Geschäft und auch nicht bei Altherr online verfügbar. Angegebene Lieferzeit: 4-6 Wochen.
Da es sich um ein Geburtstagsgeschenk handelte (in wenigen Tagen), habe ich nach telefonischer Rücksprache mit einer sehr freundlichen Dame bei Altherr in Berlin die Bestellung trotzdem online aufgegeben. Sie hatte mir versprochen, danach alles zu unternehmen, um die Uhr rechtzeitig zu bekommen.
Es schaltete sich der Filialleiter persönlich ein und hat über den Hersteller der Uhr eine priorisierte Lieferung veranlasst. Nach 6 Tagen war die Uhr bei uns.
Zusammengefasst: Altherr in Berlin hat ein sehr freundliches, engagiertes und Kunden-orientiertes Team. Einfach unschlagbar und absolut zu empfehlen!",5 Sterne
134,Thomas Henning,Schicker Laden in entspannter Atmosphäre mit super freundlicher Beratung/Bewirtung. War ein angenehmer Aufenthalt 😄 vielen Dank an das Team Altherrr und speziell an Thomas für die Kompetente Beratung und den netten Plausch. Für jeden Uhrenliebhaber definitiv ein Besuch wert. …,5 Sterne
135,R. W.,"Uhrenkauf 2.0
Das Team von Altherr hebt den Uhrenkauf auf ein neues Level !
Wir sind von Hamburg nach Berlin gefahren um dort die lang ersehnte Tudor zu kaufen . Verrückt ?? Nein ,  wir haben keinen Kilometer bereut.....
Super Beratung , sehr nettes Personal , kompetente Beratung und super Service. Besser geht es nicht !
Wir sehen uns wieder......",5 Sterne
136,Sven cross,Super schneller service und freundlicher Kontakt über Herrn Hillebrand. Uhr schnell geliefert und in top Qualität! Danke und gerne wieder,5 Sterne
137,johannes illig,"Gestern war ich das erste Mal in dem Laden und war direkt von dem Konzept überzeugt. Locker, freundlich aber dennoch eine 5 Sterne Premium Erfahrung. Besonderen Dank geht an Thomas, der mich super beraten hat. Leider ist die Zeit zu schnell vorbei gewesen und ich freue mich schon auf den nächsten Besuch :)",5 Sterne
138,Ingo S,Trotz Uhren im Luxussegment herrscht eine sehr ungezwungene Atmosphäre. Tolle Beratung und nette Gespräche.  Fachlich top und absolut seriös. Würde wieder hier kaufen.,5 Sterne
139,Andreas,"Es fällt leicht, an Altherr in der Oranienburger Straße vorbeizulaufen, so dezent fügt sich der Laden in die Hausfassade ein. Sehr angenehm, da überhaupt nicht marktschreierisch wie die großen drei Ketten, die den Markt für Luxusuhren in Deutschland beherrschen (und für die Ahnungslosen unter uns: die Anfangsbuchstaben dieser Ketten lauten B, R und W ;-)). Wird man dann in das Geschäft hineingelassen (wofür man erst einmal klingeln muss), wird man freundlich begrüßt und willkommen geheißen (das ist mir in den letzten 10 Jahren trotz Erwerbs von Uhren im höheren fünfstelligen Preis noch nie passiert - warum eigentlich nicht?) und der Blick schweift über eine Sitzgruppe am Eingang, ein Bar (ja, tatsächlich) in eine überraschend große Verkaufsfläche, die sich in der Tiefe des Geschäfts ausbreitet. Natürlich ist das nicht so groß, wie eine der großen Ketten, aber wer will das denn auch schon. Eine wahre Wundertüte; das erwartet man einfach nicht, wenn man das Geschäft zum ersten Mal von außen sieht!
Zur Beratungsqualität kann ich keine eigenen Aussagen machen, denn ich war nicht zu einem Uhrenkauf vor Ort, sondern nur für eine ""schnöde"" Servicedienstleistung, die, obgleich ich noch kein Kunde bin, zu meiner großen Zufriedenheit ausgeführt wurde - und dies von einer unheimlich netten und engagierten Uhrmachermeisterin, der man die Begeisterung für die eigene Profession sofort abnehmen würde. Jedoch wurde ein anderer Kunde während meiner Abwesenheit beraten und die Worthappen, die ich mitbekommen habe, ließen keinen Zweifel daran aufkommen, dass man hier versuchen wird, das bestmögliche Ergebnis für den Kunden zu erzielen.
Lange Rede, kurzer Sinn: sehr empfehlenswert. Auch wenn ich zum ersten Mal da war - ich weiß jetzt schon, dass man hier nicht zur anonymen Person mutiert, sondern sich - kommt man nur oft genug - eine persönliche Beziehung zwischen Kunde und Händler entwickelt, wie man sie sich gerade in heutigen Zeiten häufiger wünschen würde. Ich komme wieder!",5 Sterne
140,Matthias K.,"Heute neue Uhr abgeholt, fantastischer Service, sehr angenehmer Kontakt mit Herrn Montoya, sehr stilvoll und modern eingerichteter Laden, guter Espresso",5 Sterne
141,David,"Bin von Altherr Berlin genauso begeistert wie von der Kölner Filiale!
Esteban war sehr bemüht mir meine Uhr zu besorgen und in einigen Telefonaten (komme aus Köln) habe ich schnell gemerkt, dass er ebenso ein Uhren-Liebhaber ist wie Johannes und Tobias aus Köln.

Somit kann ich das ganze Altherr-Team nur 100%ig empfehlen und bin sehr froh endlich einen sympathischen und extrem engagierten Juwelier gefunden zu haben, wo ich auch alle zukünftigen Uhren kaufen werde!",5 Sterne
142,Jürgen Krüger,"Tolles kauf erlebnis bei altherr hackischer markt, exzellente bedienung, überzeugende präsentation, service und diskretion einmalig, sehr empfehlenswert.",5 Sterne
143,David Söllner (Davi),"Uneingeschränkt empfehlenswert.
Vom ersten Email-Kontakt bis zum Kauf lief alles hervorragend. Emails werden schnell und freundlich beantwortet.
Vor Ort wird sich viel Zeit genommen, erklärt und beraten. Das ganze Team ist zuvorkommend, fachlich kompetent, sehr nett und aufmerksam. Man wird einfach gut behandelt.
Vielen Dank an das tolle Team und bis bald...",5 Sterne
144,Matthias K,"Ein wirklich beeindruckender Juwelier, der jedes Uhrenliebhaber-Herz höher schlagen lässt. Muss man gesehen haben.",5 Sterne
145,Mo ritz,"Danke für das überragende Kauferlebnis. Ein sensationelles Team, das mit Herzblut und Begeisterung für das Thema Uhren brennt und alles versucht möglich zu machen. „Mission Impossible“ ist für Altherr Berlin ein Fremdwort.

Mein besonderer Dank geht an Herrn Esteban Montoya, der mich von Beginn an sehr herzlich und kompetent beraten hat. Ich bekam in der letzten Woche einen Anruf, dass die von mir gewünschte Uhr eingetroffen ist. Ich konnte es nicht fassen und die Freude war und ist riesig. Herr Montoya hat für mich quasi „Santa Claus“ gespielt.

Selbst als die Uhr bei mir eingetroffen war, hat Herr Montoya sich abends noch einmal bei mir telefonisch gemeldet, um zu hören, ob ich mit der Uhr zufrieden bin. Der Service und die Empathie sind einfach überragend.

Ich habe schon einige Juweliere erlebt, aber Altherr Berlin ist wirklich einzigartig. So eine sympathische Betreuung und Beratung gibt es sonst nirgendwo.

Von daher kann ich nur jedem ans Herz legen, kauft bei Altherr.

Klare 5 von 5 Sternen.",5 Sterne
146,Philipp G.,"Stilvoller Uhrenfachhandel bei dem dem sich der Inhaber auch „Zeit“ für seine Kunden nimmt und sie mit großartiger Expertise und Leidenschaft berät. Selbst wer nicht auf der Suche ist, sollte sich einfach mal vom Ambiente beeindrucken lassen – noch ist es ein Geheimtipp in Berlin!!!!",5 Sterne
147,Simon B.,"Innerhalb kurzer Zeit habe ich bereits meinen zweiten Zeitmesser über diesen tollen Konzessionär erwerben dürfen.
Zunächst war es eine Fortis Flieger F-41 und jetzt noch zusätzlich eine schöne Tudor.
Ich wurde unfassbar gut von Herrn E. Montoya beraten und betreut.
Zusammenfassend kann ich Juwelier Altherr jedem Uhren-Ethusiasten nur wärmsten empfehlen und ans Herz legen.
Hier wird Kundenservice sowie Kundenbindung noch als wichtig und richtig empfunden!

Vielen Dank für das Bisherige und bestimmt auch bis bald!",5 Sterne
148,Mathias Tal,Habe über die Webseite bestellt und hat alles wunderbar geklappt! Wurde sogar Samstag Abend per Email beraten so dass ich meine Uhr gleich bestellen konnte! Würde dort immer wieder bestellen!,5 Sterne
149,Julian Kruse,Top Beratung und Service in einer entspannten Atmosphäre.,5 Sterne
150,k und m kö,"Beim Kauf von NOMOS Uhren sind wir vom Juwelier Altherr durch Herrn Esteban Montoya sehr freundlich, geschmackssicher und kompetent beraten worden ! Wir können das Geschäft wärmstens empfehlen.",5 Sterne
151,Beat Moser,"Ließ dort meine Uhr reparieren. War ein super guter Service, Reparaturzeiten war kurz, Uhr funktioniert wieder einwandfrei und generell sehr nette Mitarbeiter. Empfehle es gerne an alle weiter :)",5 Sterne
152,Nils K,Herr Dreblow hat mich anlässlich eines Geschenks hervorragend beraten. Vielen Dank dafür. Ich freue mich schon auf meine nächste Uhr.,5 Sterne
153,ARG,"Alles hat sehr gut geklappt. Freundlichen  Kommunikation, sehr netter Kontakt und schöne Ware zum Hammerpreis was kan man sich weiterhin wünschen.",5 Sterne
154,Andreas Neumann,"Ich bin sehr angetan. Die Beratung war freundlich und unaufdringlich. Angenehm eingerichtetes Geschäft,  nicht so spießig.  Kann ich nur weiterempfehlen.",5 Sterne
155,Mathias Rewind,"Super Kundenservice, faire Preise und trotz Retour immer freundlich.
Große Empfehlung, so sollte es bei allen Dienstleistern sein!",5 Sterne
156,Stefan Zeimet,"MEGA Location, MEGA Crew, MEGA Juwelier. Ein MUSS für jeden Uhrenliebhaber!",5 Sterne
157,Anja Weiler,"Einfach mal reinschauen und positiv überrascht sein- nahbare, sehr kompetente und freundliche Beratung, die Innenarchitektur und Gestaltung des Geschäftes ist sehr gelungen.",5 Sterne
158,pinkeschminke,"Vielen Dank für das schnelle Wechseln meiner Uhrbatterie, sehr nettes und kompetentes Team!",5 Sterne
159,Yeliz 2na,"Sehr zuvorkommender, hochwertiger und professioneller Service. Bis zum nächsten mal, ich freue mich schon darauf. LG",5 Sterne
160,M. A.,"super Beratung und persönlicher Service, was will man mehr? Immer wieder gerne!",5 Sterne
161,Peter Walliste,"So, ich war heute am 14.12. 21 zum ersten Mal in der Berliner Altherrfiliale, und es war ein tolles entspanntes Erlebnis!! Sehr gerne wieder",5 Sterne
162,Victoria Hoffmann,Danke für den sehr guten Service!,5 Sterne
163,Christof Jaritz,Sehr freundlicher und kompetenter Service und angenehmer Show Room. Sehr zu empfehlen.,5 Sterne
164,Georg Pauling,Engagierte Mitarbeiter. Sehr gute Beratung.,5 Sterne
165,Philip Finkler,Sehr kompetente und freundliche Beratung.,5 Sterne
166,özgül Volkan,Ich bedanke mich herzlich für die gute Beratung die ich bekommen haben .,5 Sterne
167,John DillingR,Sehr zuvorkommender und professioneller Service.,5 Sterne
168,Hippocampus,Hier stimmt einfach alles.,5 Sterne
169,Markus Angermeier (kosmar),kompetent und hilfreich,5 Sterne
170,Edoardo Faggian,"Dies ist das erste Mal, dass ich in diesem freundlichen Juweliergeschäft war, um ein Zubehör für meinen SMP 300 zu kaufen. Der Verkaufsleiter war sehr freundlich und hilfsbereit und ich habe eine sehr tolle Erfahrung gemacht.",5 Sterne
171,Mark Berlick,"Habe letzte Woche in Tokio eine GS gekauft und musste das Band anpassen. Sie konnten dies sofort und sogar kostenlos tun. Sie hatten eine schöne Auswahl an Uhren und waren sehr hilfsbereit.  Auf jeden Fall zu empfehlen, wenn Sie auf der Suche nach einer neuen Uhr oder einfach nur Hilfe bei einer vorhandenen Uhr sind.",5 Sterne
172,Abir Roy,"Ich hatte eines der besten Erlebnisse beim Uhrenkauf bei ALTHERR. Schon bei den ersten Nachrichten fiel der Kundenservice auf. Ich besuchte den Laden noch am selben Tag und wurde herzlich empfangen. Dr. Sebastian Hillebrand ist freundlich, professionell und kompetent. Trotz meiner eigenen Recherchen habe ich neue Erkenntnisse über meine Uhr gewonnen. Der Rahmen ist exklusiv und professionell und dennoch entspannt. Andere Boutiquen und Uhrenhändler könnten viel von ALTHERRs modernem Geschäftsansatz lernen.",5 Sterne
173,Tim Well,"Ich habe den WhatsApp-Nachrichtendienst genutzt, um mich nach einem Tudor-NATO-Armband zu erkundigen. Die Reaktionsfähigkeit des Personals und die Leichtigkeit der Anfrage waren großartig. Die Bestellung des Riemens verlief unkompliziert und eine Woche später erhielt ich einen freundlichen Anruf, um die Lieferung zu besprechen. Absolut fantastischer Service. Auch die handgeschriebene Notiz, die mit dem Riemen geliefert wurde, war eine nette Geste. Herzlichen Glückwunsch Juwelier Altherr. Ausgezeichneter Service.",5 Sterne
174,Francesco Sepe,"Schöne Erfahrung, sehr professionell und vorbereitet, große Auswahl an neuen und gebrauchten Uhren, einwandfrei, gutes Personal.",5 Sterne
175,Amal Prashanth Charles,"Ich habe meine Omega Speedmaster Professional Moonwatch bei Altherr gekauft und die Erfahrung mit Herrn Montoya war außergewöhnlich. Die Gespräche waren professionell, kompetent und sehr freundlich. Ich würde auf jeden Fall wieder dorthin zurückkehren und kann den Besuch nur wärmstens empfehlen.",5 Sterne
176,Łukasz Dzięcioł,"Während meiner Reise nach Berlin besuchte ich ALTHERR, um mir ihre Sammlung von Grand Seiko-Uhren anzusehen. Ich war äußerst beeindruckt von der Gastfreundschaft, der aufmerksamen Betreuung und der echten Leidenschaft für Uhren, die Senior Sales Manager Esteban Montoya an den Tag legte. Wir verbrachten über eine Stunde damit, über die Marke zu diskutieren und Uhren anzuprobieren. Obwohl ich nicht sofort einen Kauf tätigte, war die Erfahrung so angenehm, dass ich am nächsten Tag zurückkam und einen neuen GS SBGX263 kaufte. Das personalisierte Einkaufserlebnis bei ALTHERR war außergewöhnlich; Esteban zeigte mir sogar die schönen Details der Uhr durch die Lupe und das Team passte die Größe des Armbands an mein Handgelenk an. Ich schätze die Liebe zum Detail und die Leidenschaft für Uhren, die das Team von ALTHERR an den Tag legt, und ich empfehle dringend, bei Ihrem Besuch nach Esteban zu fragen. Insgesamt war das Kauferlebnis großartig und ich möchte ALTHERR meinen Dank für den hervorragenden Service aussprechen. Ich werde auf jeden Fall in Zukunft wiederkommen.",5 Sterne
177,Robert Giel,"Der absolut beste Ort in Berlin, um Luxusuhren zu kaufen. Wunderschönes Interieur und eine fantastische Auswahl. Thomas, Esteban und Sebastian sind sehr kompetent und sorgen dafür, dass man sich unglaublich willkommen fühlt.",5 Sterne
178,Janik Adorf,Sehr schöner Laden mit einem tollen Sortiment in toller Lage. Auch für uns persönlich war es bisher der herzlichste Empfang in einem Uhrengeschäft – die Willkommensbar ist der Hammer!,5 Sterne
179,Anurag Khetan,"Tolle Erfahrung mit Esteban, der mir praktisch geholfen hat, während ich in einer anderen Stadt war. Er war auch so freundlich, mir einen guten Preis anzubieten und meine gewünschte Uhr innerhalb weniger Wochen nach Anfrage verfügbar zu machen. Vielen Dank für die Erfahrung und ich hoffe, Sie persönlich kennenzulernen.",5 Sterne
180,Антон Мельник,"Es ist angenehm, mit Menschen umzugehen, die ihre Arbeit schätzen und lieben. An solche Orte kommt man natürlich nicht regelmäßig, aber ich würde gerne wieder hierher kommen, um eine weitere Uhr oder ein Schmuckstück zu kaufen. Der Service ist auf einem wirklich hohen Niveau. Besonderer Dank geht an Marcus für seine Hilfe und seinen Rat. Ich bin sicher, dass ich die richtige Wahl getroffen habe. Ich wünsche Ihnen alles Gute für die Zukunft!",5 Sterne
181,Christian Schleinzer,Äußerst freundliches Personal. Sehr kompetente Beratung und toller Support. Komme jedes Mal gerne wieder!,5 Sterne
182,Nora Shehapi,"Erstaunliche Erfahrung! Mir ist kürzlich das Armband meiner Uhr kaputt gegangen und ich habe mich daher spontan für Altherr entschieden. Eine Terminvereinbarung war nicht nötig, ich habe einfach vorbeigeschaut. Der Arbeiter war super nett, er hat sich sofort den Schaden angeschaut. Zum Glück war nichts Großes kaputt gegangen, also hat er meine Uhr in kürzester Zeit repariert. Vielen Dank!",5 Sterne
183,Simon Laub,"Ich bin kürzlich nach Berlin gezogen und musste einige Uhrenglieder an die Größe anpassen. Ich bin reingekommen und der Kundenservice ist großartig, wirklich schöne Räumlichkeiten, ich habe angeboten, dir einen Drink zu machen, und sie haben mich wirklich schnell rein und raus gebracht ... einmal ohne Termin! Ich werde hierher zurückkommen, wenn ich auf der Suche nach einer neuen Uhr bin, aber zumindest bei der Wartung/Reparatur würde ich ihnen vertrauen.",5 Sterne
184,get mony,"Ich habe gerade eine Lake Suwa als meine erste Uhr gekauft und es hätte kein besseres Erlebnis sein können! Sehr professionell und kompetent! Ich fühlte mich sofort willkommen, als ich den Laden betrat. Fragen Sie nach Basti, er wird Ihnen Recht geben! Ich kann es kaum erwarten, wieder einzukaufen, sobald ich neues Geld gespart habe 🤝🏾 …",5 Sterne
185,Viktor,"So ein freundlicher Laden ist das. Herr Montoya begrüßte uns sehr herzlich, gab viele nützliche Informationen und tat sein Bestes, damit wir uns wohl und herzlich empfangen fühlten. Vielen Dank für dieses Erlebnis und bis bald!",5 Sterne
186,Aaron Thornburgh,"Von Anfang bis Ende ein wunderbares Erlebnis! Ob am Telefon, per E-Mail oder im Geschäft, das ALTHERR-Team hat mir das Gefühl gegeben, willkommen und geschätzt zu sein. Die Besitzer haben sich gut um mich gekümmert, als ich meine Uhr abgeholt habe, und waren geduldig bei der Beantwortung aller meiner Fragen. Ich habe mich nie gehetzt oder dumm gefühlt. Ich empfehle dringend, einen Blick in diesen familiengeführten Laden zu werfen, bevor Sie woanders einkaufen.",5 Sterne
187,Winston J. Barlow,"Großartige Erfahrung! Kompetentes Personal, sehr freundlich und aufrichtig an den Kunden interessiert. Ich habe in den letzten Wochen eine tolle Erfahrung per E-Mail und im Laden gemacht, wo sie sehr aufmerksam und superprofessionell waren. Super zufrieden mit den Einkäufen, die ich getätigt habe. Die Auswahl an Uhren und Marken ist ausgezeichnet. Das Ladendesign ist sehr komfortabel und man fühlt sich jedes Mal wie zu Hause, wenn man vorbeikommt.",5 Sterne
188,Val G,"Toller Laden mit einer tollen Auswahl an Uhren und Marken und – was am wichtigsten ist – einem wunderbaren Team!
Sie können sich auf einen herzlichen Empfang, eine super nette Atmosphäre und eine hochprofessionelle Beratung zu all Ihren Uhrenbedürfnissen und -wünschen verlassen. Ich bin mehrmals zurückgekommen, bevor ich den Auslöser einer Uhr betätigt habe, und ich hatte immer eine wundervolle Zeit!
Wenn ALTHERR die Uhrenmarke führt, die ich möchte, würde ich sie nirgendwo anders kaufen!!",5 Sterne
189,Alex Vincent van Elzelingen,"Ich hatte ein unglaubliches Erlebnis beim Kauf einer Grand Seiko! Äußerst engagierter, kompetenter und hilfsbereiter Service. Sie haben wirklich ihr Bestes gegeben, um ein einladendes und unvergessliches Erlebnis zu bieten. Sehr zu empfehlen",5 Sterne
190,Simon Bär,"Außergewöhnlich freundliches Personal (Danke, Esteban), das eine qualitativ hochwertige Beratung zu den verschiedenen angebotenen Uhren bieten konnte. Die Erfahrung fühlte sich einladend und unaufdringlich an. Wenn Sie in Berlin eine Uhr anprobieren oder kaufen möchten, ist Altherr eine der besten Anlaufstellen.",5 Sterne
191,max martin,"Ich habe kürzlich mit Altherr zusammengearbeitet, um einen NOMOS zu kaufen, und die Erfahrung war wirklich erstklassig.  Die Mitarbeiter von Altherr waren äußerst hilfsbereit und kompetent und haben alles getan, um sicherzustellen, dass der Kauf reibungslos verlief.  Besonders beeindruckt hat mich, dass die Mitarbeiter von Altherr sich alle Mühe gegeben haben, um sicherzustellen, dass ich den Prozess der Mehrwertsteuerrückerstattung verstanden habe, der durch die Tatsache, dass ich die EU aus einem Nachbarland verließ, etwas erschwert wurde.  Die Uhr ist großartig und ich werde mich immer an die großartige Erfahrung erinnern, die ich mit Altherr gemacht habe, um sie zu bekommen!",5 Sterne
192,Dominik Latuszek,"Absolut toller Service. Freundlich, kompetent, hilfsbereit. So sollte es sein. Ich kann Juwelier Altherr nur wärmstens empfehlen – verdiente 5 Sterne.",5 Sterne
193,Oniz İpek Derman,"Exzellenter Service. Sehr freundliches Personal. Auf jeden Fall empfehlenswert.
Besonders möchten wir uns bei Sebastian bedanken, der uns von Anfang bis Ende des Verkaufs betreut hat.",5 Sterne
194,Wayne Lineker,"Äußerst freundliches und höfliches Personal. Ich kam vorbei und fragte, ob sie Zeit hätten, mein Uhrenarmband anzupassen, was sofort möglich war. Während ich wartete, wurde mir freundlicherweise ein Getränk angeboten und mir wurde gesagt, dass für die Anpassung keine Kosten anfallen würden. Danke schön!",5 Sterne
195,Rodolphe De Brouwer,Erstaunlicher Kundenservice! Sehr empfehlenswert,5 Sterne
196,Frederic Marx,"Ich war begeistert von der einladenden Atmosphäre und dem freundlichen, kompetenten Service. Ich schätze besonders den Einsatz und die Sorgfalt, die sie in den Aufbau echter, dauerhafter Beziehungen zu ihren Kunden stecken.",5 Sterne
197,Paweł Muszyński,"Zuverlässig, professionell und sehr reaktionsschnell. Ein gutes Angebot. Vielen Dank und alles Gute an das gesamte ALTHERR-Team in Berlin.",5 Sterne
198,Gman Nike,"Außergewöhnlicher Service, der nicht die Bank sprengt, und die sehr aufmerksame und freundliche Beratung durch Charlotte, Esteban und den Rest des Teams machten die Besuche bei Altherr zu einem unvergesslichen Erlebnis. Sehr empfehlenswert!",5 Sterne
199,Florian Ilgenfritz,"Tolle Erfahrung, sehr freundlich, hilfsbereit, kompetent und reaktionsschnell, sowohl im Verkauf als auch im Service.",5 Sterne
200,Bimersha Gautam,Der Service ist wirklich wunderbar. Und die Auswahl ist auch wunderschön,5 Sterne
201,Fred Whitfield,"Unglaublich freundlich, einladend und kennen sich wirklich gut aus.
Stecken Sie Ihren Kopf rein und schauen Sie vorbei!",5 Sterne
202,Jason van der Berg,"Wundervolles Gesamterlebnis, zuvorkommend, zugänglich und präsent im Gespräch.",5 Sterne
203,Lui,"Schöne Atmosphäre mit freundlichem und professionellem Personal. Nichts, worüber man sich beschweren könnte.",5 Sterne
204,Maik Hollstein,Spitze,5 Sterne